{"text": " Non, mais non, je ne vais pas crier. Combien ?", "segments": [{"id": 0, "seek": 0, "start": 0.0, "end": 2.0, "text": " Non, mais non, je ne vais pas crier.", "tokens": [50364, 8774, 11, 2420, 2107, 11, 1506, 408, 9369, 1736, 269, 7326, 13, 50464], "temperature": 0.0, "avg_logprob": -0.45751266479492186, "compression_ratio": 0.9387755102040817, "no_speech_prob": 0.13385608792304993}, {"id": 1, "seek": 0, "start": 3.0, "end": 4.0, "text": " Combien ?", "tokens": [50514, 25939, 1053, 2506, 50564], "temperature": 0.0, "avg_logprob": -0.45751266479492186, "compression_ratio": 0.9387755102040817, "no_speech_prob": 0.13385608792304993}], "language": "fr"}